customer_name,email,phone,registration_date,customer_segment
Kristina Santos,robert95@example.com,+1-993-232-5479x006,2025-07-16,Regular
Chelsea King,lbrooks@example.com,284.594.1650,2025-12-10,Regular
Paula Delgado,brian12@example.org,(260)472-4691,2024-09-23,Premium
Nathan Smith,stacie14@example.com,720-667-5269x813,2025-09-21,Premium
Christopher Barker,hthomas@example.com,848-574-8528x285,2024-10-10,Premium
Bethany Hopkins,steinangela@example.com,700.284.5429x265,2025-05-03,Budget
Ashley Lopez,jonesmichael@example.com,(860)562-5540x1473,2025-01-19,Budget
Alejandra Bryant,rachel65@example.net,265-629-4084x219,2025-08-08,Budget
Amanda Berg,beardlisa@example.org,001-333-876-1967x5732,2025-06-28,Budget
Jessica Alvarez,inicholson@example.com,+1-636-415-5470,2024-12-04,Regular
John Soto,billklein@example.net,878-928-9040x9593,2025-01-17,Premium
Micheal Benson,jenniferrodriguez@example.net,001-576-802-6603x54894,2024-11-08,Regular
Isaac Barrett,kevin18@example.org,883.859.6921,2025-03-13,Budget
Amber Horton DDS,kimberlyhill@example.net,(600)423-8365x437,2025-10-17,Premium
Gary Williams,phillipbailey@example.com,001-741-802-4802x3115,2025-10-03,Regular
Charles Robinson,fullermichael@example.com,001-444-660-0996x2729,2025-07-16,Premium
Patrick Jackson,markwalton@example.com,(515)235-1317x53881,2024-04-04,Premium
Krista Eaton,chloereese@example.net,(669)260-4782,2024-11-09,Premium
Paul Jacobs,bberg@example.net,(571)879-1708x063,2024-03-09,Regular
Olivia Gibson,david32@example.net,001-421-882-9731,2025-09-07,Premium
Richard James,teresajackson@example.net,962-659-7600x723,2025-05-07,Budget
William Garcia,qmills@example.com,515-658-4821x975,2024-04-10,Budget
Edward Johnson,april67@example.net,+1-280-904-6074x09945,2024-07-29,Regular
Christian Wagner,qhernandez@example.com,270-962-3809,2025-02-03,Premium
George Clarke,vzamora@example.com,(281)297-5432x39074,2025-10-03,Budget
Gregory Alvarez,williamskatelyn@example.com,586.728.7950x014,2025-09-18,Budget
Bryan White,hcisneros@example.org,9292890698,2024-07-28,Budget
Megan Frye,turnerdawn@example.org,001-746-558-8600x68326,2025-07-30,Regular
Pamela Porter,xbrown@example.net,299.215.8945,2025-12-28,Budget
Brandon Patton,ivasquez@example.com,+1-553-834-3105,2026-02-03,Budget
Dennis Herrera DDS,xortiz@example.org,001-575-988-5676x395,2024-07-26,Premium
Gregory Melendez,gschroeder@example.com,+1-859-827-1812,2025-04-18,Premium
Gary Ramos,andrewsjennifer@example.org,001-261-893-7638x76527,2025-07-17,Budget
Katie Lee,nataliethomas@example.org,9748490501,2025-09-04,Budget
Natasha Mcpherson,williamday@example.org,001-332-247-9820,2024-03-20,Regular
Pamela Cruz,alexanderbush@example.com,+1-851-258-9480x13451,2025-08-05,Regular
Kathy Walker,jessicamyers@example.org,617.567.0964x3962,2024-03-24,Regular
Nicole Short,vnguyen@example.net,879.691.9250x53187,2025-07-26,Budget
Victor Stephens,gvelazquez@example.com,(704)231-2253x839,2024-10-10,Budget
Kyle Johnson,parkersmith@example.net,262-534-7175,2026-01-05,Regular
David Espinoza,stephanieyoder@example.com,955-253-5420x23008,2024-09-06,Premium
William Bauer,nvasquez@example.com,+1-266-610-1153x419,2025-04-16,Regular
Walter Ramirez,cherylromero@example.org,322-737-2423x7219,2025-11-26,Regular
Vanessa Clarke,jean36@example.net,441-811-1930,2025-03-31,Premium
Makayla Butler,migueljames@example.com,+1-426-211-4174x2240,2024-02-27,Premium
Lauren Robertson,seanbrooks@example.com,(492)377-4818x1218,2024-05-27,Premium
Jennifer Gibson,ashleyriley@example.org,3337512829,2024-05-19,Budget
Rodney Gomez,stephanie07@example.net,001-422-955-6803,2024-07-01,Regular
Keith Johnson,carpenterkerri@example.com,519-381-5957x283,2025-11-29,Regular
Luis Adams,catherine99@example.org,001-718-329-4407x33489,2025-07-18,Premium
Alisha Jennings,uterrell@example.org,001-997-888-0303x83842,2024-07-09,Budget
Andrew Harris,uoliver@example.org,(662)657-1707x88679,2024-08-09,Regular
Marc Floyd,zmartin@example.com,8425810839,2025-10-06,Budget
Cody Adams,knappanthony@example.org,938.932.5556x9258,2025-03-24,Regular
Tiffany Fletcher,rebecca65@example.org,5595965951,2024-08-30,Premium
Cassandra Gordon,jimmyhill@example.net,918.968.5890,2025-04-21,Regular
Lisa Jackson,herringjulie@example.org,001-402-755-5606x089,2024-07-12,Regular
Nicole Martinez,smithjames@example.com,299-884-6613,2026-02-04,Premium
Haley Phillips,natashadavis@example.net,634-809-9221x3821,2025-02-01,Premium
Ryan Williamson,aprilwilson@example.org,6269810446,2025-03-12,Premium
Andrea Fuller,andreamonroe@example.net,(753)462-1470x658,2025-05-13,Premium
Jesse Anderson,taylorjorge@example.org,(427)551-5204x4930,2025-11-29,Regular
Amy Dunn,cobbrandall@example.com,979-771-6539,2024-10-19,Budget
Amanda Jacobs,michellerobinson@example.org,272-284-6130x22314,2024-08-02,Premium
Caleb Johnston,lewiskristine@example.com,583.769.4299x918,2025-08-20,Regular
Michael Brooks,ohamilton@example.net,326.541.9599,2025-12-19,Regular
Amy Murphy,larry33@example.org,001-738-676-8360,2025-10-07,Premium
Joan Ray,jennifer17@example.net,001-813-890-6736x945,2024-10-07,Premium
Alexis Martinez,uedwards@example.com,709-281-0378,2025-05-03,Regular
Fernando Jackson,knightalex@example.org,(870)520-4902x61204,2025-01-28,Budget
Jeremy Jacobs,jameshuynh@example.net,5545503054,2025-04-10,Budget
Kevin Golden,javier66@example.org,001-362-952-4239x1800,2024-05-25,Premium
Anna Lowe,michaelwong@example.com,+1-818-316-6205x456,2024-11-26,Regular
Brian Newton,william85@example.com,+1-309-707-2194x318,2024-12-30,Regular
Lauren Ward,jodynicholson@example.org,001-721-276-8056x3209,2025-01-23,Budget
James Mccarthy,hobbsmartha@example.net,(758)623-1344x089,2024-04-23,Premium
Amanda Harris MD,denise56@example.net,293-679-7096x060,2024-03-27,Premium
Diana Hunt,joseph10@example.com,679.686.9916,2025-06-19,Regular
Curtis Holland,stephen29@example.net,(486)470-6359,2026-01-02,Regular
Benjamin Reid,stephanie36@example.com,429.647.5156x51510,2025-10-14,Premium
Ernest Moses,priceapril@example.net,+1-728-290-3270x17205,2025-12-03,Regular
John Thomas,vjennings@example.com,001-840-834-5313,2025-01-18,Regular
Alexis Bowers,robertserin@example.org,(631)576-2645,2024-06-13,Regular
Cynthia Brown,kallen@example.net,707.277.1143x7713,2025-02-16,Budget
James Brown,daviskristin@example.net,(317)459-9394,2024-04-02,Premium
Vanessa Hernandez,brownlance@example.org,370-452-6921,2024-04-25,Premium
Stephanie Delacruz,stevereed@example.com,(583)493-0932x43164,2024-05-11,Premium
Randy Holland,beckthomas@example.com,+1-477-579-0501x8298,2025-10-02,Budget
Roberta Kelley,monica57@example.org,808.228.9459,2024-09-24,Regular
Janice Haney,marshalltrevor@example.net,888-231-6436,2025-04-15,Premium
Douglas Reyes,juancompton@example.net,3317138380,2024-09-14,Premium
Mrs. Jessica Bryant,emorgan@example.org,001-493-810-8484x7532,2024-12-15,Premium
Martin Norris,melissa52@example.net,(704)904-9138x64812,2024-12-31,Regular
Jesus Sawyer,ohunt@example.org,342-498-7317x41653,2024-11-25,Regular
Kevin Ponce,andersendebra@example.org,494-286-2529x49386,2025-01-30,Regular
Morgan Aguilar,travis35@example.org,001-508-654-6635x607,2026-01-08,Premium
Matthew Mcgee,nicholashill@example.com,(398)259-9183,2024-07-14,Premium
Tammy Martin,jamie08@example.net,+1-504-524-0548x9859,2024-10-18,Regular
Mary Kane,beckerdavid@example.org,+1-939-680-6156x976,2025-06-07,Regular
Jon Carter,kurt46@example.com,236-276-6286x710,2025-09-22,Premium
Brittany Potts,robertsmelody@example.com,+1-632-435-1707x44343,2024-12-14,Budget
Katie Murray,anthony10@example.net,2422890906,2026-01-21,Budget
Kim Jones,christina14@example.net,+1-983-353-8341x1656,2024-02-11,Budget
Teresa Jarvis,moorerebekah@example.com,306-733-0415,2024-05-21,Premium
Tom Morris,melissa30@example.com,637-731-7537x1359,2025-08-04,Budget
Cynthia Schmidt,emilythompson@example.org,953.662.3602x547,2025-03-20,Regular
Timothy Smith,ggreene@example.net,962-456-8155x475,2025-10-19,Budget
Kara Padilla,cpatel@example.com,252-989-8992,2024-03-10,Regular
Robin Reyes,carlos31@example.com,841-987-7677,2024-02-28,Budget
Andrew Collier,michael92@example.com,870-523-7477x907,2025-12-23,Premium
Christopher Murphy,andrewnelson@example.org,001-531-578-6742x01832,2025-12-22,Regular
Taylor Strong,thomasjennifer@example.net,307-716-3919,2025-01-01,Budget
Joy Reid,amanda44@example.net,689.412.0526x60959,2024-09-17,Regular
Jessica Armstrong,maryknox@example.com,001-394-742-9767x8203,2024-11-07,Budget
Rachel Cohen,johnhernandez@example.org,+1-556-314-6168,2025-10-01,Premium
Nathan Lewis,tracy56@example.org,+1-787-968-2870,2025-01-18,Premium
Tami Black,hernandezadrian@example.org,953-901-4871,2025-01-31,Budget
Rebecca Quinn,dmckay@example.org,723.629.4279x4559,2025-11-14,Budget
Gregory Long,vedwards@example.com,+1-800-618-3860x31706,2024-12-30,Budget
Nathan Holloway,mark74@example.net,420.922.8865,2025-06-10,Budget
Daniel Lawrence,diane09@example.org,485.549.6505,2025-10-03,Budget
Tyler Adams,inichols@example.net,814-996-7978x4511,2025-03-13,Regular
Stephanie Obrien,gonzalezrobin@example.com,(804)349-6844x7432,2025-04-06,Premium
Jason Huang,amandacampbell@example.org,+1-902-666-7352x2072,2025-12-02,Premium
Deanna Lam,matthew87@example.com,001-389-597-7076,2024-03-03,Premium
Donald Jones,anthonyhayes@example.com,(854)423-1905,2024-03-03,Premium
Brittany Lee,laurabradley@example.com,(973)291-9822,2024-08-08,Premium
Theresa Conner,gonzalezroger@example.org,839.771.0735x702,2024-07-05,Regular
Walter Miller,mayerdavid@example.com,802-702-3052,2025-10-24,Budget
Michael Brown,mfloyd@example.com,(427)353-8726x407,2025-09-27,Regular
Tammy Harris,amber43@example.com,(993)717-2531x06932,2025-08-14,Premium
Tanya Walker,wgonzalez@example.net,941-654-0702x96525,2024-07-16,Premium
Trevor Riggs,ryanmack@example.org,001-438-257-5829x853,2025-01-05,Premium
Scott Webb,jacobgibbs@example.net,883-351-9005,2026-01-07,Premium
Dylan Bowers,richard69@example.net,7446260485,2025-06-25,Regular
Natasha Bell,patricia03@example.com,592.603.3970,2024-09-13,Budget
Aaron Martin DDS,taylorfrederick@example.org,452-539-4572x786,2025-01-21,Budget
Aaron Stewart,qdyer@example.net,+1-425-351-4769,2025-08-12,Budget
Lauren Serrano,bonnie85@example.net,2664193160,2026-02-01,Premium
Kathy Smith,aguilarcristina@example.net,001-691-454-9406x36178,2024-03-10,Budget
Gene Mclean,wgomez@example.net,+1-531-497-5481x24023,2025-11-01,Premium
Matthew Horton,olee@example.org,243-998-8084,2025-04-06,Premium
Robert Jones,cindyolsen@example.org,527.805.7578,2025-01-30,Regular
Stacey Bailey,angela80@example.org,377.281.5608,2024-04-18,Premium
Suzanne Hunt,sullivanscott@example.org,836-275-3004x7818,2025-04-22,Premium
Belinda Phillips,gle@example.org,286-364-3683,2025-07-15,Budget
Jason Johnson,lisa49@example.net,985.373.5065x31886,2025-05-28,Premium
John Payne,jeremiah15@example.net,8633257067,2024-07-24,Regular
Robert Monroe,woodwardnicole@example.com,200-654-2738x713,2024-10-09,Premium
Michael Graham,watersrussell@example.org,9787302678,2025-05-08,Regular
Danielle Hall,ugomez@example.org,200.954.4579,2024-09-11,Budget
Brittany Bruce,ashley29@example.org,001-999-947-9228x673,2025-12-12,Regular
Hannah Henderson,kenneth34@example.org,(753)632-3352x16942,2025-08-11,Premium
Robert Boyd,moniquegonzalez@example.org,(213)884-8871x12650,2024-07-20,Premium
Gerald Jordan,brenda02@example.org,840-356-4035,2025-11-26,Regular
Jeremy Ross,tbullock@example.org,556-559-4589,2025-03-11,Regular
Emily Carey,daleglenn@example.com,741.354.8809,2024-12-01,Regular
Anita Romero,andersonalbert@example.org,975-828-5154,2024-10-17,Premium
Mariah Beltran,jackesparza@example.org,830.804.0087x210,2024-10-29,Premium
Tina Thomas,jamesjones@example.com,001-671-901-6743,2025-02-19,Premium
Kimberly Perez,andrewmills@example.net,677.320.4099x2523,2024-03-09,Regular
Shane Bass,qcook@example.com,(239)821-7091x988,2025-06-26,Regular
Evelyn Burnett,scottalexander@example.net,943.552.8774,2024-09-23,Budget
Cory Woods,msimpson@example.org,+1-899-525-9147x684,2025-05-06,Premium
Diana Bailey,lydia77@example.net,546-892-4469x1049,2024-10-07,Premium
Tina Day,edwardcruz@example.net,001-270-399-8059x4947,2024-11-26,Premium
Travis Haney,kwilliams@example.com,001-867-783-3874,2024-06-21,Premium
Katrina Williams,chapmanmark@example.net,(948)354-5178,2024-06-06,Regular
Allen Duke,rodney40@example.com,(223)930-9345,2024-04-06,Budget
Louis Lee,ellenramirez@example.net,+1-708-448-8670x18538,2024-04-03,Premium
Misty Campbell,matthew91@example.net,213-627-8084,2024-04-12,Regular
John Villa,brittany14@example.org,994-243-3483x701,2025-04-27,Premium
Ian Welch,brandon48@example.org,761-258-9234x53771,2024-03-14,Budget
Brooke Huynh,kenneth30@example.com,001-908-812-7037x6584,2025-11-08,Premium
David Mcdaniel,donna88@example.net,484-542-4967,2024-12-24,Budget
Tonya Smith,gardnerkara@example.net,(224)635-1315x10794,2024-04-25,Budget
Ryan Rogers,daverichardson@example.org,538.664.3520x02017,2025-01-15,Budget
Daniel Steele,matthew91@example.com,978-473-5902x064,2024-07-08,Budget
Jeffery Sexton,robertaguilar@example.com,+1-225-334-0897x202,2025-04-17,Premium
Lindsay Benton,patricia87@example.org,733.733.5739,2024-09-17,Premium
Dr. Anna Dunlap,jacksonclarence@example.net,8543383864,2024-09-04,Premium
Austin Bauer,greenecaleb@example.com,266-781-7558x92553,2024-04-26,Budget
Michael Miller,kathymartin@example.org,001-944-895-2655x2290,2024-11-19,Regular
Sean Dixon,mdennis@example.net,+1-223-444-6989,2024-07-24,Budget
James Wilson,mitchell16@example.net,941-237-0951x0124,2024-10-29,Budget
Renee Lara,stevenwatson@example.net,+1-381-278-0156x24504,2025-05-14,Regular
Hunter Taylor,christopherhernandez@example.com,396-832-2779x61758,2025-10-28,Budget
Eric Patterson,lisa22@example.com,001-242-361-8695,2025-01-28,Premium
Danny Davis,john12@example.org,001-238-957-0843x21975,2024-07-12,Premium
Jermaine Estrada,mgates@example.com,001-480-621-1079x4275,2025-04-30,Premium
Monica Turner,sotojeremy@example.net,001-636-414-7880x826,2025-11-20,Premium
Alexander Moran,henrymary@example.net,(638)503-7968,2025-12-03,Regular
Ralph King,foxcharles@example.net,001-295-979-5881,2025-04-03,Premium
Gabriella Berg,qjenkins@example.org,+1-501-825-0074x94411,2025-10-31,Premium
Jose Mcdaniel,patricia29@example.org,001-571-960-4281x472,2024-06-20,Budget
Michael Wood,pricekathleen@example.com,730.967.5492x6188,2025-04-01,Premium
Robert Beasley,clewis@example.com,001-354-987-4296,2026-02-05,Premium
Joseph Morrison,madisonjones@example.org,001-392-932-3223x33801,2024-12-05,Premium
Anna Rowe,danielgreen@example.com,(514)874-8724,2024-06-04,Premium
Anna Hayes,lwatson@example.net,001-527-201-7617,2024-07-14,Regular
Ryan Briggs,marcusbrown@example.com,725-479-9037x01746,2025-09-26,Premium
Chris Ferguson,poolemakayla@example.org,001-668-483-6889x993,2026-01-03,Premium
Nicholas Humphrey,dianejoseph@example.com,984-664-7830x9963,2025-05-01,Premium
Douglas Foster,katrinameza@example.net,001-693-838-6856x2194,2024-03-20,Budget
Lindsay Walters,berrybradley@example.com,+1-748-355-5008x0718,2025-09-07,Premium
Allison Robinson,dominique31@example.org,(983)918-7184x39574,2024-07-26,Premium
Stephen Mckay,chicks@example.com,787.711.0806,2024-11-24,Regular
Gloria Hill,reidkathy@example.com,496-370-4293x3322,2025-06-29,Regular
Brandon Bailey,berryhannah@example.org,001-391-826-8602x61078,2025-02-26,Budget
Keith Blankenship,ndavis@example.net,301-665-8160,2025-11-25,Premium
Andrew Day,sthompson@example.net,+1-837-341-2187x38572,2025-08-31,Regular
Dawn Smith,taylormichael@example.com,001-750-765-6978x7316,2024-12-12,Premium
Jennifer Reid,mauricelester@example.net,644.680.4188x42168,2025-11-24,Budget
Shane Lee,tpowell@example.com,210.509.0115x94997,2024-03-08,Regular
Melissa Love,wrightjulie@example.org,+1-727-323-7288x01706,2024-09-23,Premium
Andrew Gutierrez MD,scottelizabeth@example.com,382.682.6003,2024-10-25,Regular
Debra Mcdaniel,tammy03@example.org,+1-592-434-7411,2024-11-20,Regular
Alan Fox,katherine00@example.org,(532)275-7212x74268,2024-06-28,Regular
Lisa Smith,ppeterson@example.com,449-388-0411,2026-01-12,Premium
Scott Barnes,breed@example.net,(364)748-7451,2025-08-04,Premium
Kathy Spence,rchen@example.com,259.628.1405x42051,2025-05-19,Regular
Michael Ramos,uwalls@example.com,+1-497-662-6551x90597,2024-12-02,Regular
Leslie Mason,juliamanning@example.net,(394)411-7043x46391,2026-02-03,Regular
Tamara Young,barbaramunoz@example.net,290-529-9109x35324,2025-06-02,Regular
Julia Johnston,randall29@example.net,(728)583-0203x2149,2024-05-24,Premium
Kristin Phillips,yvette49@example.com,559.761.3155x470,2024-08-25,Budget
Linda Flowers,robert57@example.net,492-458-4129x817,2024-08-12,Premium
Penny Vincent,hmiller@example.net,271-687-1168x58153,2024-05-26,Premium
Michael Ward,rperez@example.net,(309)473-9591x776,2024-07-28,Premium
Dana Watson,ucampbell@example.com,(822)778-9213x395,2024-09-04,Premium
Paul Villa,maybrian@example.net,001-830-944-9593x1734,2024-04-28,Budget
Ashley Vasquez,jameshughes@example.net,3883517238,2024-07-13,Premium
Sandra Manning,nsanford@example.org,001-716-295-6624,2025-01-13,Budget
Tami Jones,philipthomas@example.net,(277)344-8582x17550,2025-06-20,Premium
Heidi Newton,dmendoza@example.net,(865)757-7056x4396,2025-01-15,Regular
Kelly Patterson,patrick93@example.net,(482)810-2439x40144,2025-02-01,Premium
Tim Shelton,catherinehill@example.com,(318)382-7389x93993,2025-05-24,Regular
Ryan Dorsey,wattsjeffrey@example.com,(804)682-9188x2701,2026-01-28,Regular
Arthur Davis,umurphy@example.com,001-869-634-9142x511,2026-02-04,Budget
Gloria Brooks,edwingonzalez@example.com,(346)826-0652,2025-10-03,Premium
Antonio Bonilla,aguilarjohn@example.org,+1-779-988-5914,2025-06-21,Budget
Cynthia Orozco,wwest@example.org,326.726.0601,2025-03-16,Budget
Leslie Matthews,michael95@example.com,001-637-495-0718x792,2024-09-19,Premium
Valerie Ellis,heidi50@example.net,650.703.1191,2024-09-03,Budget
Jason Miller,cookrobert@example.org,(684)685-9535,2024-09-14,Regular
Edward Gonzalez,xbutler@example.net,001-322-373-7472x835,2024-03-21,Premium
Barbara Gonzalez,nathan27@example.net,+1-354-679-6194x561,2024-06-29,Regular
Daniel Kim,charlesayers@example.net,(664)595-9615x818,2024-02-11,Regular
Mary Holt,dwatts@example.net,5208038988,2025-06-11,Regular
Barbara King,zkoch@example.com,513.666.3539x6410,2024-06-25,Premium
Antonio Blair,xwhite@example.org,+1-291-369-1630x07070,2024-03-17,Premium
Melissa Allen,hectorbrown@example.org,+1-997-299-3014,2024-08-17,Budget
Ashley Johnson,zmays@example.com,(956)411-7792,2025-11-21,Regular
Jessica Ross,lawrence02@example.net,001-561-797-2364x9408,2024-03-18,Regular
Ricardo Smith,brownbobby@example.net,727.209.7353,2025-03-09,Regular
Wanda Schroeder,christopherstephens@example.org,+1-613-565-4612x953,2024-11-24,Regular
Katrina Alvarez,rojasmelvin@example.net,885.396.3378,2025-10-16,Regular
Brandon Chavez,johnbanks@example.org,+1-266-591-4525,2025-04-22,Regular
Darren Tran,donna24@example.com,001-873-511-6989,2024-07-16,Budget
Joseph Woods,hansencurtis@example.org,7677878068,2024-08-30,Budget
Carla Jones,clarkjonathan@example.net,001-675-244-9511x021,2026-01-16,Regular
Tracy Garrett,pfrost@example.net,001-985-918-6469x18412,2024-09-10,Premium
Brett Henry,becky29@example.net,780.817.3305,2025-02-27,Regular
Christopher Mendoza,william06@example.org,(917)972-1970x70966,2025-01-10,Budget
Devon Gay,keith24@example.org,001-844-973-4147x47682,2024-03-13,Premium
Steven Johnson,hintondonna@example.org,509-665-1018x66166,2025-02-02,Budget
Holly Watson MD,patelcrystal@example.com,(876)330-7541,2025-11-18,Budget
Joshua Patton MD,boltonderrick@example.com,706.226.4315,2024-04-18,Regular
Cheyenne Jenkins,kelly16@example.org,284-219-2980x451,2026-01-02,Premium
Danny Anderson,vasquezmonique@example.org,001-262-444-2416x472,2024-04-11,Regular
Dustin Lopez,vedwards@example.net,839-919-4919x5607,2024-06-14,Budget
Dalton Hill,michaelbarnett@example.net,001-464-281-1814x6579,2025-03-03,Regular
Amy Smith,ponceelizabeth@example.net,001-799-826-8972x2673,2025-03-30,Premium
Ronald Hawkins,christopher28@example.com,+1-947-801-1044x40273,2025-05-05,Budget
Teresa Barker,camachopaula@example.net,259-887-4929,2024-12-29,Regular
Stephen Duffy,joseph82@example.net,5086927541,2025-08-01,Premium
Dr. Amanda Ferguson,cellis@example.com,+1-216-219-7147x68145,2025-06-14,Regular
Lynn Lopez,zimmermankathleen@example.net,437.518.3738,2024-12-07,Budget
Jason Goodwin,craig52@example.org,001-268-518-1963x87621,2025-07-01,Regular
Lisa Kirk,ricardo81@example.net,907.806.2074x83430,2025-12-28,Budget
Susan Schaefer,ptucker@example.com,446.885.9831,2024-03-10,Budget
Carrie Ray,xcollins@example.net,617.430.4686,2025-04-12,Premium
John Whitaker,christine81@example.net,+1-927-441-0822x95777,2025-08-21,Premium
Thomas Leonard,lalvarado@example.com,615.413.7908x696,2025-02-27,Regular
Connor Hunt,deannagonzalez@example.net,483.636.9211x22831,2025-06-11,Regular
Jeremy Solomon,jessica74@example.org,3328584771,2025-08-06,Budget
Jason Bowman,alexander31@example.org,366.499.9888x970,2025-05-03,Budget
Anna Davis,reeddalton@example.net,(917)210-7908,2026-01-23,Regular
Kathryn Greene,david00@example.net,(644)449-6900x4182,2025-06-11,Regular
Bobby Meyers,shellyallen@example.org,370.506.7479,2025-03-13,Budget
Michelle Martin,icuevas@example.com,001-527-709-4347x128,2024-03-23,Regular
Teresa Payne,tstevenson@example.net,+1-212-300-9630x273,2025-05-30,Budget
Janet Hamilton,mmadden@example.org,(809)387-9908x072,2024-04-25,Budget
John Bryan,eoconnell@example.net,(500)276-9623x819,2025-07-24,Regular
James Bradley,fredmontgomery@example.net,001-632-988-7699x28592,2024-07-06,Premium
Richard Baker,ingrammark@example.net,(515)400-8151,2025-12-09,Regular
Kevin Johnson,tjohnson@example.org,621.939.5221x3607,2025-10-19,Regular
Aaron Jordan,powerskristina@example.com,001-803-679-3725,2025-01-22,Budget
Jonathan Williams,lawsonchelsea@example.com,001-810-463-6010x6892,2024-09-13,Regular
Steven Murphy,timothychan@example.com,411.331.2236x8113,2025-03-08,Budget
Edward Horn,summerschultz@example.net,889-327-5158,2024-07-19,Budget
Raymond Buck,dustinwhitney@example.com,001-216-681-0273,2025-08-05,Premium
Nathan Jones,claudiarosales@example.net,359.907.0106x217,2024-07-19,Regular
Julia Hernandez,nathaniel25@example.com,001-551-870-3176x595,2025-07-17,Premium
Heather Perez,akelley@example.com,(282)372-9453,2024-05-24,Regular
Kimberly Wood,michelleblair@example.com,612-869-2738,2025-05-08,Budget
Christina James,kanderson@example.org,590-403-5458,2024-03-20,Premium
Robert Jackson,oliviajones@example.net,522.759.1906x81878,2026-02-08,Premium
Sonya Guerrero,plyons@example.net,+1-390-410-3154x38030,2025-03-29,Budget
Timothy Hunt,daniel05@example.org,+1-899-622-5388x195,2025-10-20,Regular
Douglas Wheeler,maryalvarez@example.com,274-909-8905,2024-12-01,Regular
Nathaniel Wilson,danielbrooks@example.net,(409)387-9003x530,2025-06-25,Regular
Dominique Ballard,jennifer51@example.org,481.834.8772x5293,2025-03-10,Budget
Samantha Smith,sheryl78@example.com,346-221-4741x7071,2025-06-19,Budget
Bobby Armstrong,ashley98@example.org,641-482-2295,2025-07-28,Budget
Elizabeth Hart,leah63@example.com,242.928.5411,2025-02-16,Regular
Michelle Johnson,garrett25@example.com,324.201.1979x528,2024-09-16,Budget
Heather Greene,crystal20@example.net,(784)797-4595x8710,2024-05-21,Budget
Wayne Martinez,manuel03@example.com,001-675-501-3412x29912,2024-10-24,Budget
Juan Stevens,hermanbrandon@example.org,(789)904-6976x91635,2025-10-03,Regular
Jose Mays,rodriguezphyllis@example.net,768.425.5327x958,2024-05-02,Budget
Melinda Baker,angel53@example.com,596.473.3273x13333,2025-11-05,Premium
Bryce Krause,timothy20@example.net,252-558-2620x20180,2025-10-24,Regular
Samantha Williams,jessicacarter@example.org,(425)840-2390,2024-04-22,Budget
James Gutierrez,blackerika@example.org,(869)431-5101x254,2024-03-14,Regular
Steven Curry,cynthiawu@example.org,(837)381-7317,2025-09-28,Regular
Chad Gomez,bcollins@example.com,521-964-7404x2564,2025-05-23,Budget
Lynn Jones,sspears@example.org,317-621-1745x61892,2024-05-19,Premium
Danielle Strickland,pkline@example.net,817-225-6582x2438,2024-05-16,Premium
Paul Cook,griggs@example.com,7663336161,2025-04-29,Premium
Christina Thompson,marissadouglas@example.net,001-952-213-5424x3607,2025-10-15,Budget
Lori Wilkinson,katherineward@example.org,683.238.8980,2025-03-19,Premium
Wesley Oconnell,amber58@example.com,(372)796-7351,2024-04-09,Budget
Alex Sanders,brianwilson@example.com,+1-504-575-2665x282,2024-10-21,Premium
Michael Hodges,marcusmahoney@example.com,917.936.6106x672,2025-06-16,Premium
Carla Berry,howardsarah@example.org,001-930-979-2392x474,2025-10-25,Regular
Nancy Patel,thomas38@example.org,+1-363-809-5107x136,2025-08-14,Budget
Matthew Mahoney,davidwilliamson@example.net,778-324-4621,2024-04-09,Regular
Nicole Edwards,ashley01@example.org,968.846.7156x5942,2025-03-18,Budget
Joshua Simpson,dunnmelissa@example.net,(827)805-3403,2025-11-17,Budget
Andrew Gonzalez,danielharrell@example.org,906.291.2709,2024-06-05,Regular
Elizabeth Hernandez,fperez@example.org,+1-949-951-7439,2024-09-02,Premium
Paul Bond,qgrant@example.org,514.297.3854,2025-02-21,Regular
Dr. Erin Jones,jonathanramos@example.net,(969)577-0398,2024-07-28,Premium
Erika Graves,braunkayla@example.org,(862)611-6127,2024-07-24,Premium
Allen Park,susan62@example.net,391-477-5685x70046,2024-08-31,Premium
Eric Allen,djames@example.org,322-828-6252x7004,2024-06-23,Budget
Elizabeth Williams,ebaker@example.org,(589)826-9215,2025-05-16,Budget
Donna Simmons,ydillon@example.net,358.279.7095,2024-11-15,Regular
Mr. Michael Hawkins,arroyosteven@example.com,001-841-290-8141x9769,2025-04-09,Premium
Angela Chavez,jennifermccormick@example.net,634-402-9609x211,2025-08-21,Premium
Kyle Vaughan,umiller@example.com,479-868-4918x547,2025-10-29,Regular
Jeffrey Lynch,huffdorothy@example.com,(387)739-5182,2024-04-24,Regular
Timothy Guerrero,ddixon@example.com,280-449-6014x338,2025-03-03,Regular
Diane Maddox,brianedwards@example.org,740.461.1052,2025-05-31,Regular
Matthew Mendez,rberry@example.com,268.796.0253x1629,2024-03-28,Budget
Janet Jones,gregory90@example.net,(763)752-0688,2025-05-28,Regular
Amanda Vasquez,gking@example.net,473.361.4874x282,2024-09-21,Premium
Sarah Little,angela98@example.net,450.714.9115x4348,2025-03-26,Budget
John Scott,jeffrey44@example.org,001-476-978-7936,2025-11-11,Premium
John Potts,matthewsanchez@example.com,(972)898-4391x4805,2024-08-28,Budget
Erica Curry,emma32@example.com,+1-231-364-9017x7383,2024-05-30,Premium
Kristen Day,morankathryn@example.org,+1-595-372-6604x597,2025-06-10,Premium
Thomas Schmitt,greenebryan@example.org,566-780-7039,2025-07-19,Regular
Jeremy Norman,malonebrian@example.com,753.563.0892,2025-12-16,Regular
Eric Garcia,vfischer@example.org,8336843401,2024-10-06,Regular
Eric Goodwin,erik62@example.org,392.908.2931,2024-11-26,Budget
William Chen,whiteheadtina@example.net,+1-942-230-5581x99712,2026-01-09,Regular
Caitlyn Collins,watsonjoshua@example.com,820-628-0483,2026-01-19,Budget
Katie Snyder,toddallen@example.net,+1-464-690-7483x25231,2024-06-04,Premium
Tonya Wood,dyerdaniel@example.org,+1-852-536-3674x98309,2025-04-26,Regular
Jeremy Bradley,qballard@example.com,+1-566-798-0551x876,2024-06-01,Regular
Jerry Harvey Jr.,vscott@example.net,001-983-872-0579x359,2024-10-29,Premium
Wayne West,aedwards@example.net,001-316-685-3946x9578,2026-01-31,Regular
Julia Meyer,wtorres@example.com,+1-506-271-1458x460,2024-04-25,Premium
Chelsea Miller,hernandezrobin@example.com,423.305.2980,2024-10-17,Regular
Nicholas Sullivan,stefanieking@example.net,631.841.0437x9037,2024-04-30,Budget
Dr. Alex Boyd,kathleenjones@example.com,(499)755-6630,2025-12-18,Budget
Stephen Wallace,donaldharris@example.com,+1-684-865-4401,2024-05-16,Budget
Dana Hall,dawn80@example.com,+1-619-600-9747x7559,2024-11-16,Premium
Paula Johnson,psmith@example.net,732.368.8210x92692,2025-03-19,Budget
Kara Howard MD,kleinwilliam@example.net,931-835-2939x5035,2025-04-26,Budget
Joshua Gibbs,davisrobert@example.com,001-596-509-4236x9240,2024-11-07,Regular
Brandon Daniel,smithpamela@example.org,001-508-969-2559x71669,2024-09-24,Budget
Mary Sanchez,edwardblack@example.com,001-857-885-5780x96066,2025-10-20,Budget
Amber Bauer,kellyhernandez@example.org,364-430-7663x441,2025-12-17,Regular
Jason Barnes,kyle73@example.org,510-540-5863,2025-01-04,Regular
David Walters,robin61@example.org,823.866.8874,2025-09-08,Budget
Caroline Shea,jeffreybuchanan@example.net,811.792.0338x60592,2025-09-25,Regular
Clifford Richards,ewhite@example.com,(533)546-0666x7100,2025-03-08,Budget
Ariana Reyes,piercerobert@example.com,285-802-7014x4823,2024-02-12,Budget
Brian Barker,michaeldean@example.net,4397656190,2025-11-16,Regular
Jordan Mckee,markmiller@example.net,001-450-628-7002,2025-06-14,Premium
Morgan Morrison,rhonda05@example.com,313-859-1417x499,2026-01-23,Premium
Jonathan Wallace,amandadiaz@example.org,2505954222,2025-12-20,Budget
Rebecca Erickson,elizabeth72@example.org,272.457.5938x096,2024-10-21,Premium
Darryl Anderson,johnsonmargaret@example.org,(605)394-6536,2025-07-15,Budget
Elizabeth Lewis,fletchermary@example.net,3477494361,2025-06-25,Regular
Jean Sandoval,schneiderjustin@example.net,(757)472-3563,2025-11-10,Regular
Anthony Ortiz,drakezachary@example.net,224-388-9851x140,2025-01-13,Premium
Felicia Smith,greenjohn@example.org,+1-510-937-7595x93469,2025-10-24,Regular
Justin Bates,heathercabrera@example.com,562.353.6281x4134,2024-06-28,Premium
Chris Barry,qmiller@example.org,+1-236-754-0495x4125,2025-03-09,Premium
Jennifer Collins,erica27@example.net,+1-231-463-7354x58720,2026-01-14,Budget
Cindy Guzman,housejonathan@example.com,447.809.5877,2024-08-16,Premium
Scott Armstrong,summerskathleen@example.net,+1-501-376-4360,2026-01-12,Budget
Casey Sanders,sherry14@example.com,816-939-3972x9048,2024-05-21,Premium
William Banks,iperry@example.com,816-905-3322x9174,2025-11-05,Premium
Gregory Flores,michael29@example.net,438-932-9199x118,2025-08-26,Premium
Martin Diaz,ohines@example.net,001-644-694-2759x82785,2025-12-14,Budget
Joe Choi,tammy99@example.net,501-831-7338,2024-07-29,Premium
Tabitha White,murphygreg@example.com,5512848050,2024-03-30,Budget
James Mendoza,jasonroberts@example.org,306.732.7812,2024-10-22,Premium
Brianna Lee,smallalex@example.net,2307065021,2025-03-21,Budget
Antonio Alvarado,haynesjennifer@example.com,672.868.7490x064,2025-11-19,Premium
Devin Carter,fmorgan@example.org,+1-534-261-5565x8469,2024-03-10,Premium
Anthony Grant,nholmes@example.com,603.833.1433x69036,2025-10-13,Regular
Anthony Macdonald,gutierrezmolly@example.org,(599)465-7670x6310,2025-12-20,Regular
Shelby Page,austin94@example.net,275.988.1413x76957,2025-02-16,Regular
Holly Welch,stephanie07@example.com,+1-392-736-6014x260,2025-06-15,Budget
Brittany Ortiz,jacqueline47@example.com,767-524-2498x98010,2024-10-15,Regular
Kristin Walker,douglasbrown@example.com,(226)834-7825x420,2024-04-27,Premium
Amanda Li,jodi09@example.com,+1-919-436-5438x895,2024-09-10,Budget
Alison Lewis,jason72@example.org,(976)624-2411,2025-10-18,Premium
Joseph Dominguez,alec40@example.org,734-651-2000x7139,2024-04-07,Regular
Anna Reyes,oatkinson@example.net,001-861-745-4915,2025-06-05,Budget
Wayne Herrera,samanthabell@example.net,001-664-910-2109x4480,2024-06-27,Budget
James Rodriguez,john59@example.net,(242)626-5624x44145,2025-01-20,Premium
Connor Harding,emily93@example.com,(900)315-9148x64272,2025-09-11,Budget
Alexis Hawkins,parksscott@example.net,393-522-0693,2025-06-16,Regular
Jasmine Simpson,marcward@example.org,637.697.3284x04667,2025-11-09,Regular
Robert Marquez,yjimenez@example.org,8574225455,2024-03-18,Regular
Claudia Lopez,xboyd@example.net,236.844.2046x98552,2024-06-07,Regular
Kenneth Miller,patrickmcgee@example.net,229.246.6835x9816,2025-08-08,Budget
David James,kyle19@example.com,001-730-563-3589x00538,2025-03-02,Budget
Shannon Morris,evansolivia@example.com,001-790-744-5194x0167,2024-05-24,Premium
Briana Webb,carolyndavis@example.com,001-866-690-1931x54887,2026-01-02,Budget
Jonathan Bell,richard16@example.net,+1-659-466-9345x6974,2026-01-04,Regular
Connie Martinez,marcuskeith@example.net,853-512-8123x0674,2025-07-08,Regular
Katherine Dixon,kevinmeyer@example.com,673-621-6999x4547,2025-03-28,Budget
Roberta Boyd,shellymitchell@example.com,001-416-545-8661x0090,2025-09-08,Regular
Melissa Sanders,zpitts@example.org,(248)413-1374x77895,2025-07-27,Premium
Todd Brown,paulrowland@example.net,729.354.8042,2024-03-04,Budget
Hannah Robinson,juliamiller@example.org,362-868-6631,2024-04-12,Regular
Deanna Williams,lisaarmstrong@example.org,860-444-2038x8144,2025-05-21,Premium
Kathryn Garcia,efuller@example.org,+1-555-341-4033x507,2025-03-27,Budget
Daniel Pittman,odiaz@example.net,700.572.5394x0137,2025-05-03,Regular
Kevin Smith,wrose@example.org,+1-845-817-5201x341,2026-01-02,Budget
Kerri Clark,matthewsmegan@example.org,858.740.0378x700,2025-12-02,Budget
Karen Reyes DVM,htucker@example.net,(780)441-6095x970,2025-01-31,Regular
Bethany Gonzales,wgrant@example.com,869.462.8502x35127,2026-01-10,Budget
Erica Clark,ysmith@example.org,688-567-7918,2024-06-17,Regular
Wayne Khan,joannehoward@example.com,(794)417-5341,2025-08-27,Premium
Michele Werner,rmoses@example.net,(621)736-8920,2024-09-06,Regular
Anthony Wilkins,emilyriley@example.org,489-672-4994,2025-08-08,Budget
William Dean,aprilmalone@example.com,648-618-1573,2024-05-25,Budget
Earl Charles,brentbowers@example.net,285-811-9169x882,2024-09-01,Premium
Stephanie Turner,bpeterson@example.org,(995)496-8800,2025-05-27,Budget
Catherine Cummings,evalencia@example.net,505.220.7453,2024-02-16,Regular
Jean Sanchez,emily08@example.org,4906079305,2025-09-15,Budget
Zachary Edwards,robincooper@example.net,711-878-6121x457,2026-01-18,Budget
Lauren Lopez,jonathanstewart@example.org,(301)503-3050,2024-09-15,Premium
Kenneth Green,lauren88@example.com,528.911.8321x3006,2025-12-27,Regular
Brandon Kirk,howardlucas@example.com,202-207-4744,2024-04-16,Regular
Maria Lewis,slane@example.org,(778)489-2570,2025-07-14,Premium
Isaiah Aguilar,rachelbailey@example.net,202-698-6867x3601,2024-05-10,Budget
Denise Bell,hoffmanisaac@example.org,601-443-0853x96067,2024-03-10,Regular
Stephanie Gutierrez,kjohnson@example.org,433.590.9816x53642,2024-05-19,Premium
Garrett Lewis,deborahsloan@example.org,5393029796,2024-06-14,Premium
Melissa Haynes,petersonmichael@example.net,(493)835-5914x2709,2024-06-11,Premium
Heather Tran,kunderwood@example.net,520.239.4062,2026-01-12,Regular
John Kennedy,grant49@example.com,379-765-2207x590,2025-05-21,Regular
Christopher Moore,steven39@example.com,001-428-754-8520x155,2025-01-17,Budget
Abigail Jackson,jessica58@example.net,803-682-9814,2025-09-09,Budget
Jeffrey Thomas,jonesraymond@example.com,952.290.2818,2024-02-28,Budget
Cindy Henderson,jessica37@example.net,+1-395-877-3233x24124,2024-11-10,Premium
James Williams,diazwilliam@example.org,(655)937-9244x1414,2025-11-23,Premium
Jose Glover,eugene06@example.com,(849)470-0013,2024-11-12,Premium
Denise Burgess,katieyoung@example.com,381.295.4995x121,2025-06-22,Regular
Jason Black,elliottmichael@example.net,+1-631-479-0184x0707,2025-08-16,Premium
Susan Charles,fowlerkaren@example.net,+1-982-403-8236x040,2025-02-19,Premium
Daniel Gallagher,otrujillo@example.net,7283586450,2024-08-01,Premium
Terry Gibson,nealjoel@example.org,8307354215,2025-01-04,Regular
Dorothy Black,lindsey76@example.net,001-922-304-4471x30139,2026-01-26,Premium
Lisa Tucker,armstrongalejandro@example.com,7446354702,2025-10-19,Budget
Cassandra Dunn,kellylong@example.org,001-931-307-5829,2024-10-19,Regular
Andrew Joseph,gomezdaniel@example.com,978-935-8723,2025-09-01,Regular
Amy Swanson,iwelch@example.net,001-478-724-0519x7930,2026-01-09,Budget
Charles Martin,daniel40@example.com,001-322-320-0988x37291,2024-06-30,Budget
Michael Holt,dkim@example.org,7054002201,2025-10-23,Budget
Jennifer Keller,joshuakim@example.org,+1-911-272-1459,2025-11-18,Premium
Max Swanson,ryanmartin@example.net,674-746-2009x5949,2024-07-02,Regular
Rebecca Pratt,christopher01@example.org,470.378.9649,2024-11-13,Budget
Brandy Armstrong,joshua90@example.net,(417)654-5718x952,2026-01-11,Regular
Tyler Mathews,heatherhanna@example.net,(424)219-4055,2025-12-07,Premium
Christopher Green,sbruce@example.com,928.831.1339x064,2025-02-26,Budget
Patricia Bennett,allencallahan@example.org,(292)680-2213x6649,2024-10-10,Budget
Jessica Green,james20@example.net,224-982-4022x1837,2025-02-09,Premium
Lindsay Booth,susanlewis@example.com,2446757228,2026-01-24,Regular
Lisa Turner,wintersdonna@example.net,637-873-8150x02566,2025-04-13,Regular
Joe Wright,xfrancis@example.org,(787)366-0984x7973,2025-11-01,Budget
Sarah Martinez,rodgerswilliam@example.org,(327)443-5807x63092,2025-03-09,Regular
Charles Calderon,george66@example.com,7732005538,2025-05-03,Budget
Daniel Hernandez,lindamason@example.net,(381)411-3620x3133,2025-07-14,Regular
Elizabeth Jackson,joshuageorge@example.com,8569018735,2024-06-01,Budget
Rachel Myers,lcase@example.org,001-925-292-5166x4014,2024-12-07,Budget
Dr. Terri Johnson,yorkmariah@example.com,469-900-5845x52913,2025-09-27,Premium
William Rogers,perezjessica@example.com,497-949-3697,2025-03-07,Premium
Amanda Cortez,cody07@example.net,(356)684-0442x445,2024-06-09,Budget
Stephanie Mendoza,osantos@example.com,001-784-672-8846,2025-01-22,Premium
Jennifer Mason,lucasjesse@example.org,001-410-347-7300,2025-07-30,Regular
Steven Valencia,mary91@example.net,+1-598-975-8917x17360,2025-06-20,Budget
Michael Sandoval,schmidtmelissa@example.net,933.355.3066x655,2025-01-01,Premium
Jessica Barnett,rmoody@example.net,+1-323-734-5155x60120,2025-08-05,Regular
Olivia Richardson DVM,kyle56@example.org,+1-348-425-0877x530,2025-12-28,Budget
Malik Baker,warren54@example.org,(626)473-5466,2024-12-01,Budget
Timothy Parker MD,james12@example.org,853.592.0602x079,2025-10-03,Regular
Austin Smith,cynthia68@example.com,895-926-3998x4456,2024-04-16,Budget
Theresa Gordon,charlesperry@example.org,304.397.0135x7126,2025-10-01,Premium
Mark Adams,robert83@example.com,+1-789-873-2835x3364,2025-05-30,Premium
Carolyn Pham,christopherreese@example.com,913-858-1647,2025-12-12,Regular
George Jimenez,jasoncole@example.net,(390)591-0165x32933,2024-11-08,Premium
Maria Garcia,irios@example.org,791-894-9205x243,2024-05-16,Premium
Ashley Dunn,stevenmorris@example.com,3674128817,2024-10-07,Regular
Samuel Clark,megan71@example.org,+1-810-260-6019x327,2025-09-12,Premium
Becky Meyer,brandi74@example.net,+1-897-995-3333,2024-04-27,Regular
Dr. Diana Ryan,anitawhite@example.org,001-387-636-5964x0478,2024-04-10,Budget
Thomas Russell,daniel71@example.org,+1-570-976-5909x451,2024-02-10,Regular
Jessica Cook,karenking@example.com,+1-786-786-1086x2065,2024-08-27,Premium
Mary Young,johnhill@example.net,499-712-8724x32690,2024-06-15,Premium
Shawn Reynolds,xhernandez@example.net,+1-576-704-2403x1815,2025-05-16,Budget
Rebecca Garza,todd21@example.org,(280)856-3060x69251,2025-09-07,Budget
Amanda Bernard,hicksbrandon@example.org,+1-711-831-7129x492,2025-02-07,Regular
Denise Jacobson,agomez@example.com,751-361-4097,2024-09-29,Regular
Jennifer Henry,ayoung@example.org,319.861.1213x20911,2025-11-09,Regular
Sara Arias,justingibson@example.com,001-801-629-5518x15648,2025-01-07,Premium
Erica Golden,samuellevy@example.com,(628)694-4397x34670,2025-01-31,Premium
Stephen Hall,walkerlauren@example.com,748.913.2801x5238,2025-01-17,Budget
Dr. Janet Walsh,adam76@example.com,237-697-1935x29036,2024-11-23,Premium
Gabrielle Wilson,desiree80@example.com,(575)701-9873,2024-08-17,Regular
Anthony Aguirre,huntcarol@example.net,825.624.0810,2025-06-29,Premium
Kent Stone,nmccarthy@example.org,3184236073,2025-06-05,Premium
Russell Wright,teresa11@example.net,+1-493-715-0413,2025-10-22,Premium
Mary Riley,rogersjonathan@example.com,961-678-4936,2026-01-20,Budget
Marvin Hensley,cathymartin@example.org,+1-700-547-3614,2024-03-24,Premium
Katie Oconnell,nicole07@example.com,+1-488-264-4390x2098,2024-10-06,Premium
Jason Little,bradysusan@example.net,(243)281-0719x26679,2025-03-22,Premium
Daniel Smith,simmonsjonathan@example.com,+1-772-972-3518x85835,2025-04-06,Budget
Courtney Montgomery,jherrera@example.net,001-363-660-7512,2025-08-05,Budget
Michelle Mcbride,johnsonshelia@example.org,2566935787,2025-04-12,Regular
Christopher Turner,davidlucas@example.net,(687)902-8633x2013,2025-04-18,Regular
Jeffery Lawrence,alisha91@example.com,(539)895-1267x268,2024-12-04,Regular
Zachary Morris,lowerandall@example.com,757-566-8229x1955,2024-07-31,Regular
Tiffany Dixon,hsimmons@example.net,(829)827-7873x38201,2024-08-25,Budget
Valerie Fernandez,scottho@example.com,549-204-0838x568,2025-08-30,Regular
Kelsey Holden,jasonjackson@example.net,(300)632-6237,2025-03-20,Budget
Dorothy Ellis,nicolejohnson@example.com,652.679.4124x7948,2026-01-14,Regular
Jason Evans,tinapeterson@example.net,815.205.7756,2024-03-31,Budget
Lance Roberts,scott46@example.com,911-499-7706x1192,2024-04-02,Budget
Christine Wood,vstevens@example.net,287-500-8881,2025-02-28,Premium
Ricky Ramirez,fdavis@example.org,+1-592-457-0113,2024-05-26,Premium
Dylan Young,hallaustin@example.org,001-593-532-7165x0962,2025-10-20,Budget
Shawn Cole DDS,dwebster@example.net,(514)327-3498,2025-12-30,Regular
William Williams,carla65@example.com,369.776.0424,2025-10-14,Budget
Heather Hayes,hgarner@example.com,710-846-6560x3380,2024-06-25,Premium
Jeremy Gonzalez,ashley19@example.com,472.924.4780x735,2024-04-19,Regular
Joshua Melton,david04@example.com,313-259-4743,2024-12-25,Premium
Timothy Wise Jr.,ronald87@example.org,001-375-247-3033,2025-09-04,Regular
Amy Ewing,michaela63@example.org,001-205-690-0800x935,2025-03-05,Budget
Anthony Horn,fwebb@example.org,9472588672,2025-04-17,Regular
William Valentine,pamela92@example.com,+1-682-286-8075,2025-11-03,Regular
Alexandra Scott,yudaniel@example.org,(706)942-6152x332,2025-10-13,Regular
Nicholas Wilson,bgarcia@example.net,001-624-241-6079x90548,2025-03-23,Premium
Robin Valenzuela,yflowers@example.net,4708895038,2026-01-17,Premium
Robert Spencer,wlopez@example.com,001-640-724-9874x33574,2025-03-25,Budget
William Reyes,leahkelly@example.org,603.710.7055x283,2025-09-01,Budget
Tabitha Brown,joshua22@example.net,3625291845,2024-03-15,Regular
John Wilson,townsendmary@example.net,935.672.0911x2740,2024-07-25,Regular
David White,qvazquez@example.net,+1-433-487-1185x010,2025-10-27,Regular
Emily Brown,thompsonjoseph@example.com,(970)325-3635x7826,2025-12-29,Premium
Shannon Jones,zcurtis@example.org,7214734531,2025-04-23,Budget
Christine Torres,whitetheresa@example.com,897.640.4719x497,2024-06-16,Regular
Alex Gonzalez,glendarodriguez@example.net,389.304.0629,2025-11-05,Regular
Robert Gomez,drowland@example.org,924.533.6476x1780,2024-07-22,Premium
George Best,jlawrence@example.org,(899)637-2350x7612,2024-10-17,Budget
Sarah Bailey,ssanchez@example.com,+1-582-598-1893x6576,2025-09-05,Premium
Michelle Guzman,ukramer@example.org,5573978404,2024-09-20,Regular
Angela Wilson,joshua34@example.org,+1-414-400-6246x213,2024-09-20,Premium
Catherine Haney,jason14@example.org,592-944-9039x367,2025-10-19,Premium
William Moore,lpalmer@example.net,(466)812-4395x8047,2025-10-03,Budget
John Murray,bscott@example.net,6573427548,2025-07-31,Regular
Tiffany Macdonald,karen12@example.com,(255)767-6261,2025-01-28,Budget
David Hunter,michelestuart@example.com,392-529-5437x4599,2025-05-08,Regular
Christy Morris,dorothy76@example.com,932.844.0115x27168,2025-08-08,Budget
Richard Wright,michaelvaldez@example.net,001-773-665-3119x03627,2024-04-05,Regular
Melanie Lopez,calebrose@example.net,(273)928-7460x172,2024-07-03,Regular
Lance Baker,mphillips@example.org,292-304-9092x369,2025-12-14,Budget
Jose Bryant,huertatimothy@example.com,(677)948-9117x532,2024-05-10,Budget
Larry Moore,zbooth@example.com,466.740.2922,2025-06-05,Budget
William Phillips,jduncan@example.org,(679)692-9461x31252,2025-12-28,Budget
Francisco Gray,tsmith@example.com,994-859-4325,2024-07-18,Regular
Nicole Allen,debraweber@example.com,367.272.6459,2025-10-05,Regular
Jessica Garcia,diazmathew@example.org,307-609-2409x9021,2025-07-10,Budget
Rachel Jones,sarahdavis@example.org,916-822-8195,2025-06-19,Budget
Natalie Conway,emora@example.net,+1-298-787-3887x220,2024-05-08,Premium
Samantha Joseph,cynthiabenton@example.net,212.571.1212,2024-10-16,Regular
Katherine Whitehead,david12@example.net,6646575895,2024-12-05,Premium
David Garcia,cookjennifer@example.net,+1-336-866-5621x9636,2024-03-07,Budget
Natasha Lloyd,reidmichael@example.org,229-695-2523x257,2025-12-12,Regular
Lisa Ellis,david84@example.com,204.911.6980x09487,2024-06-24,Budget
Kristina Austin,pattersonkelly@example.net,001-204-980-5930,2025-03-21,Regular
Kenneth Shelton,kimberly75@example.com,241-624-2996,2025-09-19,Regular
William Williams,cbutler@example.org,001-852-556-2330x240,2024-09-04,Budget
Laura Anderson,brian55@example.com,001-810-541-9452x11412,2025-07-02,Regular
Shawn Perez,michaelwelch@example.com,001-631-526-1468x7768,2025-07-01,Budget
Christopher Tate,taylorsteven@example.org,792.850.1550x1330,2024-04-03,Premium
Veronica Duran,robert08@example.org,565.985.6923,2024-06-18,Premium
Emily Turner,estradamichael@example.org,(418)516-1176x053,2025-09-19,Regular
Christopher Oliver,todd93@example.com,+1-809-260-7933x61826,2025-06-05,Premium
Tyler Ellis,jasondillon@example.net,820-476-7979x6385,2025-06-12,Budget
Juan Cooper,burnettjoseph@example.com,(842)501-6544x06965,2024-06-02,Regular
Jennifer Dean,nicole28@example.org,506.702.5529,2025-08-14,Budget
John Nichols,goodamanda@example.org,349.716.5725x048,2025-10-06,Regular
Jamie Robinson,matthew26@example.com,+1-212-495-3762,2024-07-10,Budget
Terri King,tylermendoza@example.com,209-876-8583,2024-08-17,Premium
Brandi White,paulawilcox@example.com,(845)866-0502,2025-02-28,Regular
Danielle Grant,amymiller@example.net,+1-562-996-2863x7886,2024-10-24,Budget
Diane Wilcox,hunterbuchanan@example.com,001-328-844-0021x9393,2025-11-20,Budget
Kevin Huber,gregorywilliam@example.com,+1-960-221-1045x230,2024-03-04,Premium
Max Williams,jonathan47@example.org,626.533.3227,2024-09-26,Regular
Christopher Robinson,cooleybenjamin@example.org,(581)863-1892,2025-06-08,Premium
Samantha Jones,floydleslie@example.com,7593173353,2025-06-11,Budget
Brian Douglas,imullen@example.com,263-540-8295,2024-12-04,Budget
Justin Turner,vlin@example.net,430.665.7366x83029,2025-07-06,Budget
Lynn Hall,harrisjoseph@example.org,+1-448-870-4187,2024-02-13,Regular
Roberto Reed,huffdaniel@example.org,001-563-927-1235,2024-10-17,Budget
Seth Perez,ejohnson@example.org,775.577.2056x3320,2025-09-21,Regular
Adam Price,daniel60@example.org,(394)248-3361x17727,2024-12-30,Regular
Michael Davis,karen65@example.org,(650)626-3255x7963,2025-03-28,Premium
Shannon Gonzalez,rachel21@example.org,(385)787-3880x27090,2025-02-01,Regular
Brittany Clark,smithcourtney@example.org,209-789-8437,2024-03-20,Regular
Natalie Robinson,james97@example.com,(664)502-8595,2024-08-26,Regular
Jacqueline Duffy,aochoa@example.org,805-202-1433x6423,2024-10-31,Budget
Annette Wright,wendycummings@example.net,448.596.9101x4186,2024-05-04,Budget
Adam Gilbert,william28@example.com,(901)356-1861x14033,2025-03-09,Regular
Tyler Robbins,wcarrillo@example.net,(538)577-7575,2025-05-27,Budget
Samantha Carpenter,mckaychristopher@example.net,+1-693-418-3386x079,2026-01-19,Regular
Erica Bishop,amy53@example.net,8436087956,2025-12-28,Regular
Alvin Jones,llopez@example.com,(916)423-2573x06396,2024-04-24,Regular
Jonathan Barrett,mikaylayoder@example.net,(923)795-8150x7128,2024-10-11,Budget
Margaret Rice,lhampton@example.org,570.349.0033x25819,2024-12-16,Budget
Katherine Wolfe,williamgarza@example.org,+1-841-941-1207x86856,2024-08-21,Budget
Tracy Smith,qmiller@example.net,(785)536-9171x6304,2024-10-23,Budget
Anthony Underwood,zromero@example.org,+1-356-610-0339,2024-09-29,Regular
Shawn Newton,hernandezhannah@example.net,8993737773,2025-01-22,Premium
Kayla Griffin,jerry41@example.org,001-409-575-6771x786,2025-12-20,Budget
Derek Rosario,raymondsmith@example.net,482.862.5553,2025-12-20,Premium
Brian Smith,ygalloway@example.org,(405)373-6692x266,2024-12-10,Premium
Nicole Pruitt,imyers@example.org,001-675-428-5326,2024-12-02,Regular
Donna Henry,brian43@example.org,768-881-6988x61396,2024-11-13,Regular
Nicholas Peterson,anndavis@example.net,683-295-5763x07902,2024-12-12,Budget
Stephen Lopez,karen70@example.net,+1-382-846-3081x50592,2024-11-15,Budget
Tina Smith,wnewman@example.net,750.541.3385,2025-04-02,Premium
Ashley Ellis,keithcarson@example.org,(587)745-6606,2025-08-17,Budget
Heather Smith,anthonyrojas@example.com,+1-977-827-4145x70900,2024-06-12,Budget
Jonathan White,brandonreyes@example.net,867-711-5123,2025-03-29,Premium
Megan Baker,pnewton@example.org,+1-736-584-9477,2024-12-08,Premium
Brandi Randall,christina65@example.net,(711)278-3285x85242,2024-03-11,Premium
Richard Winters,jasongarcia@example.org,001-241-799-0482x59814,2026-01-17,Regular
Vincent Dawson,andersondarren@example.org,+1-212-985-2593,2024-03-04,Premium
Jeremy Adkins,rbrown@example.net,(361)650-9078,2025-09-15,Premium
Kendra Hill,rodneyclark@example.com,6528000932,2024-05-16,Regular
Yolanda Acosta,esparzaray@example.net,728-488-6981,2024-04-17,Budget
Dr. Linda Allen,mcclainangela@example.org,580.248.2896x12358,2024-10-22,Regular
Angela Mcguire,velezheather@example.com,763-805-4608x6708,2026-01-09,Budget
Crystal Kaufman,christopherwyatt@example.org,540-396-2805,2025-03-21,Premium
Dawn Wood DVM,lauraduran@example.net,(692)349-9431,2025-11-30,Premium
Matthew Kennedy,gloriaholland@example.com,+1-935-937-8166,2024-09-25,Budget
Jared Baker,howardcheryl@example.org,866.486.2783x16241,2024-09-26,Regular
Jordan Smith,donaldjones@example.org,+1-360-273-6506x48084,2024-02-13,Premium
Ethan Padilla,tristan75@example.org,349-483-6614,2024-11-26,Budget
Joshua Clarke,clinejohn@example.com,+1-447-696-0324x29078,2025-06-14,Premium
Nichole Prince,valerie14@example.com,4505560084,2024-07-05,Premium
Valerie Hall,xrodriguez@example.com,897.993.1970x8266,2025-10-21,Regular
Alicia Combs,paynebrett@example.net,+1-480-460-1893x380,2025-09-29,Regular
Andres Brown,rayshane@example.org,524-285-9169x97829,2025-07-21,Budget
Daniel Coleman,guzmancheryl@example.net,915.650.0324x45261,2026-01-24,Regular
Christopher Miller,pmartinez@example.net,576.890.0818,2025-10-15,Premium
David Espinoza,donna80@example.com,537-625-2892,2025-08-22,Premium
Linda Thomas,angelicareed@example.com,+1-452-815-3049x212,2024-12-12,Budget
Ashley Jones,michaelcampbell@example.org,(377)759-9564x988,2025-05-24,Budget
Jennifer Gomez,goconnor@example.net,981-442-4553x31843,2026-01-07,Regular
Jeffery Sanchez,robert08@example.net,+1-905-314-6078x55262,2025-07-21,Premium
Kimberly White,robert80@example.com,(552)504-9400x267,2025-07-21,Premium
Vincent Scott,james18@example.org,(825)364-9661,2024-07-31,Regular
Tanya Morales,charlesstone@example.com,+1-269-713-9742x46335,2025-03-08,Regular
Terry Cook,deanna02@example.org,001-696-688-8658x46507,2024-06-04,Budget
Jordan Jones,larsonharold@example.net,341.609.0804,2025-02-17,Budget
Amber Clark,thompsondavid@example.org,+1-826-413-9236x07588,2024-06-01,Regular
Krystal Gibson,david77@example.org,843-577-6069x00222,2025-09-04,Regular
Keith Martinez,bryantveronica@example.com,001-800-492-6112x1490,2024-07-09,Regular
Patricia Cohen,xlester@example.net,349-458-2881,2025-10-29,Regular
Lori Robinson,william19@example.com,(925)577-1942x28740,2025-04-02,Premium
Julie Ponce,gonzalesjaime@example.org,001-811-877-9200x498,2024-10-26,Budget
Angela Good,campbellmartin@example.net,(475)545-8276,2025-06-01,Regular
Mark Petersen,anthony35@example.net,(293)205-2696x470,2024-12-15,Budget
Omar Cross,clarkshannon@example.net,(695)511-1756x821,2024-08-16,Premium
Christopher Reed,ranthony@example.net,827-736-6396,2024-07-01,Budget
Samantha Allen,ojimenez@example.org,+1-383-895-4528x9582,2024-12-23,Budget
Evelyn Silva,eileen18@example.net,001-353-915-4468x13940,2024-11-03,Regular
Benjamin Cardenas,jonestammy@example.org,6749464973,2025-09-21,Premium
Craig Burke,thomasnathan@example.com,885-904-6923x743,2024-07-02,Budget
Jordan Tate,garrett59@example.org,(825)659-7950,2026-01-27,Regular
Benjamin Ellis,michael31@example.org,(591)601-9543x36910,2025-12-19,Premium
Roger Garner,courtneyburgess@example.com,889.253.8176,2024-04-28,Regular
Jeremy Mack,hflores@example.net,724-889-1643x59573,2024-06-23,Budget
Julie Solis,rsantos@example.org,(524)973-5557,2026-01-01,Budget
Sheena Thompson,roberthaynes@example.org,+1-585-993-2858x03333,2025-05-04,Premium
Jonathan Underwood,henrytimothy@example.org,(967)366-3376x4993,2024-11-05,Premium
Joshua Carroll,michaelandrews@example.net,251.877.6780x07227,2024-04-17,Premium
Ryan Butler,christopher20@example.org,(877)468-3012x935,2025-06-18,Premium
Christopher Cardenas,manuel14@example.org,(388)646-9113x11296,2025-04-19,Budget
Luke Torres,jcoleman@example.org,001-733-331-9396,2024-04-14,Budget
Darren Garcia,kathrynstone@example.org,717.517.5976x1124,2025-02-16,Regular
Brandon Hill,dhubbard@example.org,352-749-1050,2024-03-21,Premium
Stacey Johnson,kylie75@example.net,4373858802,2025-02-25,Regular
John Dixon,gregory83@example.com,416-646-4436,2024-04-03,Premium
Christopher Cox,craig41@example.net,+1-975-324-1990x4073,2024-04-23,Regular
Christie Armstrong,jasminesmith@example.net,311-307-8139,2025-09-17,Premium
Cathy Carr,dkidd@example.org,001-287-706-8264x9384,2024-06-22,Regular
Marcia Blanchard,thomas14@example.net,970.702.2610x672,2025-05-31,Regular
Richard Miles,kimberly33@example.net,+1-333-713-7759x1589,2025-06-04,Budget
Margaret Harvey,walkeraaron@example.net,536-282-8702,2025-12-12,Regular
Shane Richards,latoya20@example.org,+1-731-349-0251,2025-10-06,Budget
Derrick Kaufman,stephanieclay@example.com,(860)407-4589,2025-03-16,Regular
Brenda Hernandez,ngarrett@example.net,603-392-7754,2024-10-17,Premium
Shannon Charles,williamcollins@example.com,4109150843,2024-10-25,Premium
Matthew Terry,castrojessica@example.net,917.646.4230x21830,2026-01-28,Budget
Jennifer West,brennanlaurie@example.net,497-286-9101x324,2024-12-01,Premium
Christina Bishop,vmoses@example.net,(527)200-1865x322,2024-05-27,Budget
Steven Wang,hharris@example.net,(794)458-0472x68557,2024-02-20,Budget
Eric Edwards,aharris@example.net,001-273-966-4471x91057,2025-09-29,Budget
Jack Mendez,debbiesharp@example.com,+1-593-978-8975x9718,2025-10-22,Premium
Elijah Mccall,jennifer58@example.net,(630)404-0726x44071,2025-10-24,Budget
Tara Rogers,qcarter@example.net,354-217-2635,2024-10-24,Budget
Elizabeth Griffin,howelltiffany@example.net,(560)500-5797,2025-07-16,Budget
Jack Roberts,sarah99@example.com,001-402-801-6692x3643,2024-06-09,Budget
Megan May,danielle62@example.com,001-967-331-8524x8575,2025-10-17,Budget
Frederick Carpenter,david48@example.org,+1-337-309-7053x1395,2025-04-27,Regular
Cory Smith MD,marycraig@example.net,915-375-3695x8184,2025-07-25,Regular
Jeremy Mckenzie,belldebra@example.net,001-698-286-7350x84504,2024-12-11,Premium
Nicholas Potter,clarencejackson@example.org,(715)716-7925x8478,2025-05-07,Premium
Michael Hughes,joseph61@example.org,+1-925-917-1184x56273,2025-05-11,Regular
Sharon Kelly,ctaylor@example.org,380.393.9425x47821,2025-09-26,Regular
Patricia Blair,russothomas@example.com,957.810.0610,2025-02-08,Budget
Brianna Richardson,lisamurphy@example.com,001-369-836-2733x367,2024-07-01,Premium
Veronica Dixon,bryan05@example.org,+1-816-643-9841x3771,2025-01-02,Regular
Rachel Arnold,stokesscott@example.net,+1-936-796-2224x911,2024-12-12,Budget
Savannah Nguyen,karinawelch@example.net,001-615-292-6721x57567,2024-02-17,Budget
Ashley Stephens,courtney31@example.com,(866)585-7382x1965,2024-04-07,Budget
Jason Harrington,dennisnorma@example.org,232.360.2199,2024-10-08,Regular
Peter Phillips,vparker@example.org,+1-672-323-2919x1703,2025-01-14,Regular
Shawn Burns,toddjesse@example.com,920-694-4782,2024-12-22,Budget
Jennifer Hart,sbrown@example.net,326.456.4263x975,2025-11-28,Premium
Marie Cruz,williamsonchris@example.net,+1-391-627-3698x64508,2025-01-07,Premium
Barbara Castro,john92@example.com,+1-731-930-4879x518,2024-07-03,Regular
Richard Clark,gayala@example.net,(557)624-2039,2025-04-13,Regular
Brittany Perez,smithcarlos@example.org,281-410-4535,2025-07-03,Premium
Elizabeth Ray,sharon01@example.org,(761)722-4764x4092,2025-11-27,Budget
Lauren Anderson,jessica70@example.org,001-498-923-2841,2024-02-21,Regular
Kimberly Dixon,michaelmckenzie@example.com,869.931.7238x37280,2025-04-20,Premium
Barbara Nolan,tiffany06@example.org,4273325582,2025-08-06,Premium
Kristen Wilkins,uschultz@example.net,263.848.1025x150,2024-05-09,Premium
Joanna Morgan,meltondiane@example.org,378.632.5129x12084,2024-05-11,Regular
Anthony Medina,donaldkrueger@example.com,+1-527-605-8215x96455,2024-10-29,Regular
Larry Wu,quinnjulie@example.org,327-861-3268,2024-05-22,Regular
Victoria Ortiz,malik69@example.org,3134178932,2025-11-13,Budget
Autumn Mata,leachsophia@example.net,(867)598-5833x87649,2025-06-17,Budget
Kenneth Banks,josephwilliams@example.org,369-254-4789x61110,2025-01-14,Regular
Angel Hudson,jasoncook@example.com,4714786628,2025-07-11,Regular
Elizabeth Harrison,dicksondawn@example.net,001-561-763-0796x5459,2025-01-10,Premium
Anthony Mason,vdougherty@example.org,001-482-841-2464x428,2024-03-17,Regular
Thomas Murphy,cdiaz@example.com,+1-212-480-2072,2025-12-07,Premium
Rhonda Love,fchen@example.net,710-822-2510,2025-12-06,Budget
Rhonda Jones,bcurtis@example.com,+1-290-780-9748,2025-05-18,Regular
Emily Levy,jacksonjacob@example.org,373-325-8041x58072,2024-08-18,Budget
Daniel Griffith,robertwilson@example.com,+1-535-701-8093x101,2024-03-21,Regular
Gregory Thompson,jharmon@example.org,+1-590-985-2631,2024-10-11,Premium
Barbara Brown,davidsondenise@example.com,(436)674-7246x16953,2024-11-06,Premium
Raymond Bonilla,lewisjimmy@example.net,455.268.4937,2025-07-25,Premium
Tracey Keller,randybrown@example.com,001-796-233-7600x92647,2024-11-12,Budget
Michelle Ross,palmersamantha@example.net,001-378-439-7733x0026,2026-01-22,Budget
Margaret Patrick,robert81@example.com,+1-554-476-6192,2024-11-10,Budget
Joel Lloyd,tbell@example.com,575-714-7656x309,2025-04-03,Premium
Megan Miller,lpatterson@example.net,001-997-653-9745x7045,2024-07-31,Budget
Jeffrey Wilson,ydavis@example.net,(783)987-9670,2024-11-19,Regular
Benjamin Kline,stephanie78@example.net,608-332-4938x654,2025-10-31,Premium
Katie Moss,combsmichelle@example.com,(554)551-8369,2025-01-24,Premium
Shaun Rodriguez,cynthia47@example.org,486.688.2097x756,2025-07-27,Budget
Amanda Bauer,wray@example.net,001-916-842-3599,2025-09-09,Budget
Miss Amber Clay,emilylopez@example.net,401-858-5729,2025-06-14,Budget
Luis Garcia,angela46@example.org,001-684-227-1214x9985,2024-03-28,Budget
Alexander Acevedo,mario88@example.org,(875)829-2313x6203,2025-10-28,Budget
Michael Spencer,ahall@example.net,732.962.7334,2025-05-10,Premium
Kenneth Park,robertsmith@example.com,226.854.3457,2024-05-31,Regular
Sarah Harding,millercatherine@example.com,001-985-650-8994x831,2024-03-25,Premium
Catherine Brown,trevoroliver@example.org,001-967-422-3162x273,2025-10-02,Budget
Todd Ashley,richardwood@example.com,(836)623-1812x29078,2025-05-09,Premium
Megan Garcia,jonesalicia@example.net,+1-706-547-9263x899,2025-10-30,Regular
Matthew Fernandez,welchryan@example.net,(320)647-0151x36796,2024-02-17,Budget
Jason Williams,hyoung@example.org,001-509-493-8107,2025-04-29,Regular
Timothy Robinson,rjackson@example.com,+1-794-556-4946x53347,2024-11-30,Regular
Jessica Ramirez,qdeleon@example.com,(224)423-6174,2024-04-10,Regular
Anthony Shelton,greenbrenda@example.com,6224548313,2024-11-20,Regular
Carla Lucas,mark07@example.org,+1-462-460-3350,2024-05-03,Regular
Sharon Soto,williamsmichael@example.org,001-649-666-7615x788,2024-07-30,Budget
Grace Young,thampton@example.org,+1-537-865-5609x55400,2024-08-16,Premium
Abigail Drake,gyoung@example.org,7077334613,2024-12-28,Budget
Maria Noble,kathleen12@example.org,396.773.6694,2025-05-08,Premium
Johnathan Acevedo,riverajoanne@example.com,807-337-4229,2024-06-21,Budget
Wendy Carter,sabrinaturner@example.org,681-823-4090,2025-06-07,Premium
Jamie Pugh,samuelramirez@example.org,(823)996-8246x9918,2024-09-09,Premium
Billy Green,coreycarey@example.com,001-236-981-9596,2025-03-06,Regular
Dawn Townsend,gprice@example.org,(960)409-1854x35820,2024-09-03,Budget
Jeffrey Simmons,omiller@example.com,561-340-0301,2024-04-07,Regular
Benjamin Thompson,ecarlson@example.net,770-879-7020x43174,2025-06-17,Budget
Robin King,sbrown@example.com,7784087873,2024-02-16,Regular
Andrew Huerta,douglas74@example.org,+1-356-549-2811x04719,2025-06-02,Budget
Jennifer Fitzgerald,gallagherandrew@example.org,001-312-412-7635x78981,2024-04-25,Budget
Michelle Long,ujohnson@example.com,001-954-979-3970x49100,2025-03-22,Premium
Kevin Simmons,gregoryrobert@example.org,001-266-735-5716x257,2024-03-18,Regular
Ronald Aguilar,farleyamy@example.com,+1-728-599-9609x59676,2024-09-03,Budget
Jennifer Ramos,brentthomas@example.com,001-873-410-4181x875,2024-08-11,Regular
Laura Davis,terrellmatthew@example.com,001-595-543-0956x9828,2025-04-09,Premium
Bianca Arias,millerstephen@example.com,343-428-2663x38811,2025-04-11,Regular
Pamela Pena,murphygabriella@example.net,882.545.5402x488,2024-05-22,Budget
Karl Schneider,enorman@example.org,278-744-6966,2025-11-09,Regular
Jose Davis,keithgrant@example.org,475-543-3671,2025-08-19,Premium
Michael Ingram,heatherwhite@example.net,(446)390-9379,2025-04-25,Regular
Cory Lawrence,hvega@example.com,713.443.0089,2024-02-25,Premium
Nicholas Sims,vanessadonaldson@example.org,308.524.7096,2025-07-01,Budget
Loretta Oliver,gilbertlawrence@example.org,(278)939-1198x6091,2024-09-27,Premium
Sandra Marks,amymatthews@example.com,379.431.0419,2024-06-17,Budget
Joseph Brown,morrisjeffrey@example.com,894.343.2946x20104,2025-10-03,Budget
Richard Johnson,melissa74@example.net,(703)836-4982,2025-10-12,Regular
Brittany Campbell,mason52@example.com,(783)513-6450x01524,2024-08-03,Budget
Brianna Griffin,houstonrichard@example.com,001-938-207-8060x39081,2025-11-18,Regular
Michael Yoder,marqueznicole@example.org,271-550-7981,2025-05-15,Premium
Miguel Mitchell,imitchell@example.com,212-324-7584,2025-03-21,Budget
Jeremy Duffy,jgreen@example.org,(496)652-3364x322,2025-06-03,Regular
Jeff Adams,jenniferjones@example.com,719.695.0344,2025-06-18,Budget
Kristen Floyd,westdarren@example.net,769-493-5049,2025-12-29,Budget
Deborah Davis,cathygutierrez@example.com,(211)288-7189x162,2024-10-12,Premium
Jacob Bailey,kwagner@example.net,(843)270-4613x4678,2024-02-26,Premium
Teresa Webster,shelleyhamilton@example.org,315.806.9209,2025-11-08,Regular
Keith Nguyen,tglenn@example.net,(330)228-0618,2025-05-27,Regular
David Perkins,ashley31@example.com,341-949-3864x59731,2024-04-04,Premium
Jessica Brown,rogercruz@example.net,974.375.9450x540,2025-03-13,Budget
Kelly Hall,abailey@example.com,+1-984-306-9693x38414,2024-10-25,Premium
Lisa Welch,nicholas67@example.org,+1-396-663-6189x15507,2025-05-12,Regular
Terry Miller,ashley04@example.org,001-604-348-5506x9478,2024-04-04,Premium
Jennifer Harris,rogermunoz@example.org,2607562404,2025-08-05,Budget
Jessica Webb,krodriguez@example.org,818-656-1040x52320,2025-08-08,Regular
Ronald Harrison,katherine74@example.com,+1-394-626-2269x995,2025-02-14,Regular
Corey Lester,acevedolisa@example.org,+1-626-691-1367x61834,2025-06-28,Premium
Wayne Martinez,joanna52@example.net,001-500-784-8740x9794,2024-11-15,Premium
Mary Kennedy,vwilliams@example.com,(929)563-1286x9802,2025-02-14,Regular
Taylor Edwards,johnsonmichael@example.com,001-803-490-9210x544,2024-07-10,Budget
Leslie Stewart,matthewbailey@example.com,+1-939-348-2918x651,2025-07-31,Premium
Jennifer Ball,brianawilson@example.org,(978)820-2515x7723,2025-10-12,Regular
Alexa Wood,sara21@example.net,3659978534,2026-01-15,Premium
Jennifer Mitchell,willie32@example.com,001-332-300-9476x261,2025-09-30,Budget
Michael Clark,jonathan30@example.net,(656)213-0894,2024-05-23,Regular
Stephanie Jackson,brockharry@example.com,(415)765-9297x96450,2025-02-23,Premium
Jeremiah Faulkner,hyoung@example.net,757-362-7585,2025-03-29,Budget
Zachary Taylor,vwhite@example.org,(829)966-0530,2025-11-03,Regular
Jacob Smith,wilsonbrooke@example.com,+1-711-864-6484x01480,2025-12-18,Budget
Kathy Smith,bsanchez@example.com,001-315-741-4080x678,2026-01-25,Premium
Denise Bryant,pgarcia@example.com,238.770.9247,2024-06-18,Regular
Jessica Brown,arthur94@example.net,992-227-8791x26461,2025-11-30,Regular
Samuel Scott,desiree84@example.org,001-446-473-0149x5082,2024-04-06,Regular
Karen Hill,dwilliams@example.net,(385)571-0467,2024-07-20,Regular
Tamara Howell,imoon@example.net,2994080670,2025-11-03,Premium
Jill Khan,fuentesjohn@example.net,001-961-913-8902x146,2025-04-21,Premium
Nicholas Gomez,glyons@example.org,673.429.7644x991,2024-10-04,Budget
Lindsey Knight,lhoffman@example.org,+1-679-673-1566x162,2025-10-01,Regular
Tina Nelson,adavid@example.net,001-494-210-8437,2025-01-01,Regular
Kelly Murphy,david17@example.com,001-706-911-2216,2025-03-22,Regular
Barbara Burns,lmiller@example.net,+1-794-362-3981x4998,2025-12-11,Premium
Matthew Cooper,stacy58@example.org,344.413.0016,2025-05-29,Premium
John Bailey,jmiller@example.org,275.861.6108x6150,2025-07-14,Premium
Jenna Parker,anthonyramirez@example.org,+1-617-428-2837,2024-10-13,Regular
Anthony Flores,bsnow@example.org,756-787-8017,2025-08-26,Regular
Cindy York,gabriellechristian@example.org,+1-593-801-4822,2025-02-01,Budget
Judy Grant MD,david07@example.org,677-634-5174,2024-08-14,Regular
Anne Nichols,stevenpowers@example.com,585-894-9704x089,2024-03-05,Regular
Jamie Calhoun,qkelly@example.com,+1-751-250-9287x04104,2025-06-11,Premium
Tanya Durham,miguel62@example.org,2805881966,2025-02-02,Regular
Laura Livingston,michael24@example.org,(663)747-0673x533,2024-11-06,Premium
Katie Evans,robert41@example.net,669.212.9374x422,2025-05-20,Premium
Hannah Thomas,iharding@example.net,817-356-0342,2025-07-29,Premium
Michael Cantu,john00@example.net,001-736-608-7776x9005,2025-06-19,Regular
Natalie Hodges,matthewhernandez@example.com,469.564.7742,2024-04-21,Premium
Beth Sanders,nicholasphelps@example.net,001-555-480-7249x693,2024-06-26,Budget
Christopher Jones,gonzalezbreanna@example.com,+1-516-411-0985x9749,2025-06-09,Regular
Matthew Williams,mcguireedward@example.net,+1-403-308-8716x737,2025-06-15,Budget
Laura Porter,sandy99@example.net,(972)786-1181x10925,2024-10-04,Regular
Joshua Lewis,drakehaley@example.com,885.960.2089x4121,2024-07-07,Premium
Paul Sellers,steelejeremiah@example.net,+1-783-294-5782x1838,2024-05-10,Regular
Doris Moran,veronicawilliams@example.com,(976)955-8521,2025-10-28,Budget
Elizabeth Richardson,thomasbrooks@example.org,(266)506-6979,2025-05-21,Premium
Danielle Smith,vasquezsteve@example.net,+1-264-415-8551x6415,2024-11-20,Premium
Kyle Carlson,shorn@example.com,514.651.9851x642,2024-05-21,Regular
Aaron Lynch,elizabethwhitney@example.org,585.594.3205x30470,2024-02-20,Regular
Sandra Garcia,anthony89@example.com,001-967-758-3673x4997,2026-01-06,Premium
William Martinez,kimberly99@example.com,(783)478-9901x1541,2025-11-28,Budget
Rebecca Murphy,jenniferanderson@example.com,(943)603-6870,2025-07-26,Budget
Elizabeth Bean,fryeashlee@example.org,522-256-8772x47791,2025-08-02,Regular
Rebecca Pierce,alicianunez@example.net,2882291756,2025-06-04,Premium
Dr. Christopher Bolton,paul12@example.org,651-913-2683x6998,2025-08-23,Budget
Carla Porter,hinesjoseph@example.com,001-492-961-1549x131,2024-12-23,Premium
Monica Johnson,alexandria30@example.org,577.929.7207x7045,2025-01-18,Budget
Gregory Taylor,holmesvicki@example.com,4159732970,2025-10-28,Regular
Brandon Cooper,sharonward@example.net,+1-934-744-2554x76307,2025-02-02,Premium
Ashley Cross,charris@example.org,646.634.6063x0795,2024-09-25,Premium
Mallory Bolton,vthompson@example.com,950-999-8550,2025-10-30,Premium
Parker Adams,nhoward@example.com,444.500.4254,2025-08-03,Budget
Corey Cooper,heather00@example.net,480.278.1348,2025-06-18,Premium
Samuel Cohen,bgibson@example.org,(395)591-4711,2025-12-21,Regular
Shannon Fisher,efarrell@example.net,+1-992-615-6003,2024-04-22,Regular
Danielle Hoover,robert99@example.net,+1-677-716-3419x32028,2025-04-23,Budget
Douglas Pham,markschultz@example.net,(208)227-9788,2024-11-22,Premium
Paul Rodriguez,debrajackson@example.net,714-233-7430x7254,2024-05-29,Regular
Debra Smith,tkramer@example.org,726.514.3956,2025-04-02,Budget
Matthew Osborn,wilsonfelicia@example.org,294-624-7814,2025-08-17,Premium
Elizabeth Benson,marksmith@example.org,789.415.3517x354,2024-04-30,Regular
Rodney Cantrell,carolyn53@example.org,+1-326-765-7416x705,2024-08-29,Budget
Kimberly Jackson,bobby88@example.org,(842)593-5874x20830,2025-10-06,Premium
Melanie Martin,wellsryan@example.net,809.698.0610,2025-09-08,Regular
Stephanie Munoz,christina44@example.net,(735)200-3028,2024-02-24,Regular
Andre Cardenas,heathermoore@example.com,(301)975-8236x664,2024-11-20,Budget
Matthew Wright,bcooper@example.net,846-371-3241x165,2024-08-03,Budget
Dean Smith,mitchellkayla@example.com,883.549.5800,2025-02-07,Budget
Kimberly Hernandez,rogersmichelle@example.com,(715)358-1935x051,2024-09-26,Premium
Chelsea Williams,angela12@example.com,001-595-812-8301,2025-07-25,Budget
Douglas Alvarez,curryjessica@example.com,8462533631,2026-01-26,Premium
Paula Norton,claudiagarcia@example.com,859-730-0152,2025-02-01,Budget
Mary Holmes,sanderscourtney@example.net,+1-400-394-4306x7077,2025-03-19,Regular
Nicole Wade,paigemoore@example.net,001-369-678-1126x30598,2025-04-23,Regular
David White,daniel17@example.com,(859)883-7254,2025-04-21,Premium
Terry Ortega,leejoseph@example.org,969-616-2544x747,2024-09-17,Budget
Gina Cummings,fdavis@example.com,+1-309-436-8899x63404,2025-03-18,Premium
Samantha Woods,snydersydney@example.org,(973)341-9180,2025-01-21,Premium
David Rodriguez,carrieperez@example.org,708-242-6672x10662,2024-07-28,Regular
Charles Zamora,robert32@example.org,001-985-933-2970x38232,2024-12-22,Budget
Wendy Glass,kevingraves@example.com,(385)708-9221x4706,2025-03-20,Regular
David Reyes,jojimenez@example.org,(789)641-6272x92965,2026-01-13,Regular
Jacqueline Valdez,hernandezjessica@example.org,(709)659-0309,2024-05-18,Premium
Edward Hayes,vrose@example.com,908-949-4702x9061,2025-12-16,Premium
Jeffrey Lewis,ssmith@example.net,(670)742-0449x23220,2024-03-11,Budget
Kelsey Berry,timothy21@example.org,745.624.8841,2024-12-10,Budget
Mr. Jeffrey Brady,valeriejohnson@example.com,001-818-773-4357x039,2025-12-10,Budget
Sergio Alvarado,stephanie76@example.org,791.203.1862,2025-12-03,Budget
Tamara Fry,marysavage@example.net,(213)410-1093,2025-03-14,Budget
Darlene Green,tiffany66@example.net,+1-809-902-6778,2025-11-11,Budget
Lee Booker,darlene64@example.org,4894755740,2025-12-09,Premium
Stephanie Webster,michellebarnes@example.org,001-659-951-3128x9557,2024-09-22,Budget
Deborah Williams,martinlinda@example.com,(999)223-0592x304,2026-01-26,Premium
Nicholas Anderson,whanson@example.com,596.819.7482x52406,2024-03-10,Regular
Dylan Dean,ggross@example.org,(559)299-6163x351,2024-06-16,Premium
Theresa Mccarty,joel13@example.org,931-474-1367x37319,2024-09-02,Budget
Jessica Griffith,kdickerson@example.net,001-914-483-2021,2024-11-26,Regular
Renee Ramirez,careydylan@example.net,256-431-9643,2025-05-08,Budget
George Torres,kyleadams@example.org,(936)224-4555x03581,2024-03-16,Budget
Erica Clarke,bradyparker@example.org,001-644-930-6210,2025-04-01,Regular
Andrea Brooks,salazarstephen@example.org,+1-204-507-2447x25843,2025-04-17,Regular
Joan Nichols,obaker@example.net,826.816.2994x16307,2025-05-08,Regular
Debra Martinez,brian71@example.net,2847211397,2024-08-08,Budget
Jacqueline Clark,kaitlynbray@example.com,382-919-8755,2024-07-09,Budget
David Liu,krystalhammond@example.net,824-380-9631,2024-12-30,Budget
Elizabeth Martinez,richardsonnancy@example.com,645-882-9057,2024-12-17,Budget
Jose Williams,wagnersarah@example.net,733.938.6303x4891,2025-07-24,Premium
Ryan Miller,karencastillo@example.org,(291)532-1233x710,2024-12-28,Premium
Shane Nelson,laurengarcia@example.com,330.267.0671,2024-12-12,Budget
Kevin Smith,ohayes@example.org,655-249-6210x550,2025-03-31,Budget
Cory Mccoy,robinsondavid@example.net,(949)672-4065,2026-01-12,Regular
Brenda Haas,josephcortez@example.com,(957)614-3539x083,2025-11-10,Budget
Robert Martin,kylelarson@example.com,700-441-1486,2024-06-25,Premium
Corey Davis,stevengarrison@example.com,5408293901,2024-06-12,Premium
Paul Strickland,kimberly01@example.net,(454)919-2969x946,2024-06-24,Regular
Kevin Gordon,fweiss@example.com,+1-400-913-2518x75551,2025-10-29,Regular
David Tran DDS,ashley36@example.com,886-835-8884x51640,2025-10-22,Budget
Kristy Rivers,timothystone@example.com,205-277-5227,2025-01-11,Budget
Sean Johnson,daniel58@example.com,(762)512-7062,2025-02-07,Regular
Daniel Spencer,jilljones@example.com,8454257144,2025-03-18,Premium
Brian Henderson,hammondsamantha@example.org,447.220.2973x73901,2025-09-10,Premium
Curtis White,terrysteve@example.com,532-985-7397x9879,2025-12-26,Premium
Lance Clark,schaeferbeth@example.com,(221)225-6752x1829,2026-02-01,Premium
Brianna Russell,rodriguezraymond@example.net,240.822.7975x011,2024-02-28,Regular
Emily Hernandez,cathybest@example.net,(707)608-5723,2024-09-30,Regular
